BEGIN TRANSACTION;
CREATE TABLE "DBProject_allenatore" ("id" integer NOT NULL PRIMARY KEY AUTOINCREMENT, "utente_id" bigint NOT NULL UNIQUE REFERENCES "DBProject_utente" ("id") DEFERRABLE INITIALLY DEFERRED, "squadra_id" bigint NULL REFERENCES "DBProject_squadra" ("id") DEFERRABLE INITIALLY DEFERRED);
INSERT INTO "DBProject_allenatore" VALUES(1,5,1);
INSERT INTO "DBProject_allenatore" VALUES(2,7,1);
INSERT INTO "DBProject_allenatore" VALUES(3,6,1);
INSERT INTO "DBProject_allenatore" VALUES(7,22,2);
INSERT INTO "DBProject_allenatore" VALUES(8,23,2);
INSERT INTO "DBProject_allenatore" VALUES(9,39,3);
INSERT INTO "DBProject_allenatore" VALUES(10,40,3);
INSERT INTO "DBProject_allenatore" VALUES(11,41,3);
CREATE TABLE "DBProject_atleta" ("id" integer NOT NULL PRIMARY KEY AUTOINCREMENT, "stato" varchar(15) NOT NULL, "utente_id" bigint NOT NULL UNIQUE REFERENCES "DBProject_utente" ("id") DEFERRABLE INITIALLY DEFERRED, "squadra_id" bigint NULL REFERENCES "DBProject_squadra" ("id") DEFERRABLE INITIALLY DEFERRED);
INSERT INTO "DBProject_atleta" VALUES(1,'SANO',9,1);
INSERT INTO "DBProject_atleta" VALUES(8,'SANO',25,1);
INSERT INTO "DBProject_atleta" VALUES(9,'SANO',28,1);
INSERT INTO "DBProject_atleta" VALUES(10,'SANO',27,1);
INSERT INTO "DBProject_atleta" VALUES(11,'INFORTUNATO',24,1);
INSERT INTO "DBProject_atleta" VALUES(13,'SANO',26,1);
INSERT INTO "DBProject_atleta" VALUES(14,'SANO',19,2);
INSERT INTO "DBProject_atleta" VALUES(15,'SANO',18,2);
INSERT INTO "DBProject_atleta" VALUES(16,'SANO',20,2);
INSERT INTO "DBProject_atleta" VALUES(17,'SANO',17,2);
INSERT INTO "DBProject_atleta" VALUES(18,'SANO',21,2);
INSERT INTO "DBProject_atleta" VALUES(19,'SANO',32,3);
INSERT INTO "DBProject_atleta" VALUES(20,'SANO',45,3);
INSERT INTO "DBProject_atleta" VALUES(21,'SANO',47,3);
INSERT INTO "DBProject_atleta" VALUES(22,'SANO',48,3);
INSERT INTO "DBProject_atleta" VALUES(23,'SANO',49,3);
INSERT INTO "DBProject_atleta" VALUES(24,'SANO',46,3);
CREATE TABLE "DBProject_comunicazioneufficiale" ("id" integer NOT NULL PRIMARY KEY AUTOINCREMENT, "titolo" varchar(200) NOT NULL, "contenuto" text NOT NULL, "data_invio" datetime NOT NULL, "presidente_regione_id" bigint NOT NULL REFERENCES "DBProject_presidenteregione" ("utente_id") DEFERRABLE INITIALLY DEFERRED);
CREATE TABLE "DBProject_gara" ("id" integer NOT NULL PRIMARY KEY AUTOINCREMENT, "luogo" varchar(200) NOT NULL, "data_inizio" date NOT NULL, "presidente_regione_id" bigint NOT NULL REFERENCES "DBProject_presidenteregione" ("utente_id") DEFERRABLE INITIALLY DEFERRED, "data_fine" date NULL);
INSERT INTO "DBProject_gara" VALUES(3,'Crotone','2025-09-14',3,'2025-09-15');
INSERT INTO "DBProject_gara" VALUES(4,'Cosenza','2025-11-01',3,'2025-11-02');
INSERT INTO "DBProject_gara" VALUES(5,'Scalea','2025-09-21',3,'2025-09-22');
INSERT INTO "DBProject_gara" VALUES(6,'Stadio Maradona','2025-08-31',16,'2025-09-01');
INSERT INTO "DBProject_gara" VALUES(7,'Cava de Tirreni','2025-09-28',16,'2025-09-29');
INSERT INTO "DBProject_gara" VALUES(16,'San Marcellino','2025-08-18',16,'2025-08-19');
INSERT INTO "DBProject_gara" VALUES(17,'Cercola','2025-08-18',16,'2025-08-19');
INSERT INTO "DBProject_gara" VALUES(18,'Salerno','2025-08-18',16,'2025-08-19');
INSERT INTO "DBProject_gara" VALUES(20,'Roma','2025-08-20',33,'2025-08-21');
INSERT INTO "DBProject_gara" VALUES(21,'Rieti','2025-08-23',33,'2025-08-24');
INSERT INTO "DBProject_gara" VALUES(22,'Gaeta','2025-09-27',33,'2025-09-28');
INSERT INTO "DBProject_gara" VALUES(23,'Roma','2025-10-26',33,'2025-10-27');
INSERT INTO "DBProject_gara" VALUES(24,'Prova','2025-08-15',16,'2025-08-16');
INSERT INTO "DBProject_gara" VALUES(25,'Stadio dei Marmi','2025-08-18',33,'2025-08-19');
INSERT INTO "DBProject_gara" VALUES(26,'Roma','2025-08-18',33,'2025-08-19');
CREATE TABLE "DBProject_garaspecialita" ("id" integer NOT NULL PRIMARY KEY AUTOINCREMENT, "sesso" varchar(1) NOT NULL, "id_gara_id" bigint NOT NULL REFERENCES "DBProject_gara" ("id") DEFERRABLE INITIALLY DEFERRED, "id_specialita_id" bigint NOT NULL REFERENCES "DBProject_specialita" ("id") DEFERRABLE INITIALLY DEFERRED);
INSERT INTO "DBProject_garaspecialita" VALUES(3,'F',3,62);
INSERT INTO "DBProject_garaspecialita" VALUES(4,'M',4,61);
INSERT INTO "DBProject_garaspecialita" VALUES(5,'F',5,71);
INSERT INTO "DBProject_garaspecialita" VALUES(6,'M',6,72);
INSERT INTO "DBProject_garaspecialita" VALUES(7,'F',7,62);
INSERT INTO "DBProject_garaspecialita" VALUES(8,'F',7,63);
INSERT INTO "DBProject_garaspecialita" VALUES(22,'M',16,61);
INSERT INTO "DBProject_garaspecialita" VALUES(23,'M',16,62);
INSERT INTO "DBProject_garaspecialita" VALUES(24,'M',16,64);
INSERT INTO "DBProject_garaspecialita" VALUES(25,'F',17,63);
INSERT INTO "DBProject_garaspecialita" VALUES(26,'F',17,64);
INSERT INTO "DBProject_garaspecialita" VALUES(27,'F',17,68);
INSERT INTO "DBProject_garaspecialita" VALUES(28,'M',18,69);
INSERT INTO "DBProject_garaspecialita" VALUES(29,'F',19,61);
INSERT INTO "DBProject_garaspecialita" VALUES(30,'M',20,61);
INSERT INTO "DBProject_garaspecialita" VALUES(31,'M',20,62);
INSERT INTO "DBProject_garaspecialita" VALUES(32,'M',20,66);
INSERT INTO "DBProject_garaspecialita" VALUES(33,'M',20,72);
INSERT INTO "DBProject_garaspecialita" VALUES(34,'M',20,73);
INSERT INTO "DBProject_garaspecialita" VALUES(35,'M',20,74);
INSERT INTO "DBProject_garaspecialita" VALUES(36,'F',21,66);
INSERT INTO "DBProject_garaspecialita" VALUES(37,'F',21,67);
INSERT INTO "DBProject_garaspecialita" VALUES(38,'F',21,69);
INSERT INTO "DBProject_garaspecialita" VALUES(39,'F',21,71);
INSERT INTO "DBProject_garaspecialita" VALUES(40,'F',21,75);
INSERT INTO "DBProject_garaspecialita" VALUES(41,'M',22,64);
INSERT INTO "DBProject_garaspecialita" VALUES(42,'M',22,70);
INSERT INTO "DBProject_garaspecialita" VALUES(43,'M',22,71);
INSERT INTO "DBProject_garaspecialita" VALUES(44,'M',22,72);
INSERT INTO "DBProject_garaspecialita" VALUES(45,'M',22,75);
INSERT INTO "DBProject_garaspecialita" VALUES(46,'F',23,61);
INSERT INTO "DBProject_garaspecialita" VALUES(47,'F',23,65);
INSERT INTO "DBProject_garaspecialita" VALUES(48,'F',23,66);
INSERT INTO "DBProject_garaspecialita" VALUES(49,'F',23,67);
INSERT INTO "DBProject_garaspecialita" VALUES(50,'F',23,71);
INSERT INTO "DBProject_garaspecialita" VALUES(51,'F',23,75);
INSERT INTO "DBProject_garaspecialita" VALUES(52,'F',24,61);
INSERT INTO "DBProject_garaspecialita" VALUES(53,'M',25,61);
INSERT INTO "DBProject_garaspecialita" VALUES(54,'M',25,64);
INSERT INTO "DBProject_garaspecialita" VALUES(55,'M',25,65);
INSERT INTO "DBProject_garaspecialita" VALUES(56,'M',25,66);
INSERT INTO "DBProject_garaspecialita" VALUES(57,'F',26,72);
INSERT INTO "DBProject_garaspecialita" VALUES(58,'F',26,73);
INSERT INTO "DBProject_garaspecialita" VALUES(59,'F',26,74);
INSERT INTO "DBProject_garaspecialita" VALUES(60,'M',27,61);
CREATE TABLE "DBProject_partecipazione" ("id" integer NOT NULL PRIMARY KEY AUTOINCREMENT, "id_atleta_id" bigint NOT NULL REFERENCES "DBProject_atleta" ("id") DEFERRABLE INITIALLY DEFERRED, "id_gara_id" bigint NOT NULL REFERENCES "DBProject_gara" ("id") DEFERRABLE INITIALLY DEFERRED, "id_specialita_id" bigint NOT NULL REFERENCES "DBProject_specialita" ("id") DEFERRABLE INITIALLY DEFERRED, "stato_iscrizione" varchar(20) NOT NULL, "risultato" varchar(100) NULL);
INSERT INTO "DBProject_partecipazione" VALUES(13,1,6,72,'ISCRITTO',NULL);
INSERT INTO "DBProject_partecipazione" VALUES(18,1,4,61,'ISCRITTO',NULL);
INSERT INTO "DBProject_partecipazione" VALUES(30,14,16,61,'ISCRITTO',NULL);
INSERT INTO "DBProject_partecipazione" VALUES(31,15,16,61,'ISCRITTO',NULL);
INSERT INTO "DBProject_partecipazione" VALUES(33,14,16,62,'ISCRITTO',NULL);
INSERT INTO "DBProject_partecipazione" VALUES(34,15,16,62,'ISCRITTO',NULL);
INSERT INTO "DBProject_partecipazione" VALUES(35,16,16,62,'ISCRITTO',NULL);
INSERT INTO "DBProject_partecipazione" VALUES(36,14,16,64,'ISCRITTO',NULL);
INSERT INTO "DBProject_partecipazione" VALUES(37,15,16,64,'ISCRITTO',NULL);
INSERT INTO "DBProject_partecipazione" VALUES(38,16,16,64,'ISCRITTO',NULL);
INSERT INTO "DBProject_partecipazione" VALUES(39,17,17,63,'ISCRITTO',NULL);
INSERT INTO "DBProject_partecipazione" VALUES(40,18,17,63,'ISCRITTO',NULL);
INSERT INTO "DBProject_partecipazione" VALUES(41,17,17,64,'ISCRITTO',NULL);
INSERT INTO "DBProject_partecipazione" VALUES(42,18,17,64,'ISCRITTO',NULL);
INSERT INTO "DBProject_partecipazione" VALUES(43,17,17,68,'ISCRITTO',NULL);
INSERT INTO "DBProject_partecipazione" VALUES(44,18,19,61,'ISCRITTO',NULL);
INSERT INTO "DBProject_partecipazione" VALUES(45,14,18,69,'ISCRITTO',NULL);
INSERT INTO "DBProject_partecipazione" VALUES(46,16,18,69,'ISCRITTO',NULL);
INSERT INTO "DBProject_partecipazione" VALUES(47,20,16,61,'ISCRITTO',NULL);
INSERT INTO "DBProject_partecipazione" VALUES(48,21,16,61,'ISCRITTO',NULL);
INSERT INTO "DBProject_partecipazione" VALUES(49,24,16,61,'ISCRITTO',NULL);
INSERT INTO "DBProject_partecipazione" VALUES(50,20,16,62,'ISCRITTO',NULL);
INSERT INTO "DBProject_partecipazione" VALUES(51,21,16,62,'ISCRITTO',NULL);
INSERT INTO "DBProject_partecipazione" VALUES(52,24,16,62,'ISCRITTO',NULL);
INSERT INTO "DBProject_partecipazione" VALUES(53,20,16,64,'ISCRITTO',NULL);
INSERT INTO "DBProject_partecipazione" VALUES(54,21,16,64,'ISCRITTO',NULL);
INSERT INTO "DBProject_partecipazione" VALUES(55,24,16,64,'ISCRITTO',NULL);
INSERT INTO "DBProject_partecipazione" VALUES(56,19,17,63,'ISCRITTO',NULL);
INSERT INTO "DBProject_partecipazione" VALUES(57,23,17,63,'ISCRITTO',NULL);
INSERT INTO "DBProject_partecipazione" VALUES(58,24,18,69,'ISCRITTO',NULL);
INSERT INTO "DBProject_partecipazione" VALUES(59,23,17,64,'ISCRITTO',NULL);
INSERT INTO "DBProject_partecipazione" VALUES(60,24,4,61,'ISCRITTO',NULL);
INSERT INTO "DBProject_partecipazione" VALUES(61,20,4,61,'ISCRITTO',NULL);
INSERT INTO "DBProject_partecipazione" VALUES(62,22,17,63,'ISCRITTO',NULL);
INSERT INTO "DBProject_partecipazione" VALUES(63,23,16,61,'ISCRITTO',NULL);
INSERT INTO "DBProject_partecipazione" VALUES(64,9,16,61,'COMPLETATO','10.54');
INSERT INTO "DBProject_partecipazione" VALUES(66,10,16,61,'ISCRITTO',NULL);
INSERT INTO "DBProject_partecipazione" VALUES(67,9,16,64,'COMPLETATO','5.94m');
INSERT INTO "DBProject_partecipazione" VALUES(68,10,16,64,'ISCRITTO',NULL);
INSERT INTO "DBProject_partecipazione" VALUES(69,8,17,63,'ISCRITTO',NULL);
INSERT INTO "DBProject_partecipazione" VALUES(70,11,17,63,'ISCRITTO',NULL);
INSERT INTO "DBProject_partecipazione" VALUES(71,13,17,63,'ISCRITTO',NULL);
INSERT INTO "DBProject_partecipazione" VALUES(72,11,17,68,'ISCRITTO',NULL);
INSERT INTO "DBProject_partecipazione" VALUES(73,9,16,62,'ISCRITTO',NULL);
INSERT INTO "DBProject_partecipazione" VALUES(75,13,23,75,'ISCRITTO',NULL);
INSERT INTO "DBProject_partecipazione" VALUES(76,8,17,64,'ISCRITTO',NULL);
INSERT INTO "DBProject_partecipazione" VALUES(77,13,17,64,'ISCRITTO',NULL);
INSERT INTO "DBProject_partecipazione" VALUES(78,9,18,69,'SQUALIFICATO','Squalificato');
INSERT INTO "DBProject_partecipazione" VALUES(79,10,18,69,'ISCRITTO',NULL);
INSERT INTO "DBProject_partecipazione" VALUES(80,10,20,61,'ISCRITTO',NULL);
INSERT INTO "DBProject_partecipazione" VALUES(81,9,20,62,'ISCRITTO',NULL);
INSERT INTO "DBProject_partecipazione" VALUES(82,10,16,62,'ISCRITTO',NULL);
INSERT INTO "DBProject_partecipazione" VALUES(83,9,20,74,'ISCRITTO',NULL);
INSERT INTO "DBProject_partecipazione" VALUES(84,10,22,75,'ISCRITTO',NULL);
INSERT INTO "DBProject_partecipazione" VALUES(85,10,4,61,'ISCRITTO',NULL);
INSERT INTO "DBProject_partecipazione" VALUES(86,14,20,61,'ISCRITTO',NULL);
INSERT INTO "DBProject_partecipazione" VALUES(87,15,20,61,'ISCRITTO',NULL);
INSERT INTO "DBProject_partecipazione" VALUES(88,15,20,66,'ISCRITTO',NULL);
INSERT INTO "DBProject_partecipazione" VALUES(89,16,20,73,'ISCRITTO',NULL);
INSERT INTO "DBProject_partecipazione" VALUES(90,14,20,72,'ISCRITTO',NULL);
INSERT INTO "DBProject_partecipazione" VALUES(91,15,20,72,'ISCRITTO',NULL);
INSERT INTO "DBProject_partecipazione" VALUES(93,1,16,61,'ISCRITTO',NULL);
INSERT INTO "DBProject_partecipazione" VALUES(94,1,18,69,'ISCRITTO',NULL);
INSERT INTO "DBProject_partecipazione" VALUES(95,1,20,61,'ISCRITTO',NULL);
INSERT INTO "DBProject_partecipazione" VALUES(96,1,22,70,'ISCRITTO',NULL);
INSERT INTO "DBProject_partecipazione" VALUES(97,1,22,64,'ISCRITTO',NULL);
INSERT INTO "DBProject_partecipazione" VALUES(98,1,20,74,'ISCRITTO',NULL);
INSERT INTO "DBProject_partecipazione" VALUES(99,20,20,61,'ISCRITTO',NULL);
INSERT INTO "DBProject_partecipazione" VALUES(100,21,20,61,'ISCRITTO',NULL);
INSERT INTO "DBProject_partecipazione" VALUES(101,22,17,64,'ISCRITTO',NULL);
INSERT INTO "DBProject_partecipazione" VALUES(102,24,20,62,'ISCRITTO',NULL);
INSERT INTO "DBProject_partecipazione" VALUES(103,22,17,68,'ISCRITTO',NULL);
INSERT INTO "DBProject_partecipazione" VALUES(104,23,17,68,'ISCRITTO',NULL);
INSERT INTO "DBProject_partecipazione" VALUES(105,19,17,64,'ISCRITTO',NULL);
INSERT INTO "DBProject_partecipazione" VALUES(106,20,20,72,'ISCRITTO',NULL);
INSERT INTO "DBProject_partecipazione" VALUES(107,21,20,72,'ISCRITTO',NULL);
INSERT INTO "DBProject_partecipazione" VALUES(108,24,20,66,'ISCRITTO',NULL);
INSERT INTO "DBProject_partecipazione" VALUES(109,20,20,74,'ISCRITTO',NULL);
INSERT INTO "DBProject_partecipazione" VALUES(110,21,20,74,'ISCRITTO',NULL);
INSERT INTO "DBProject_partecipazione" VALUES(111,23,21,69,'ISCRITTO',NULL);
INSERT INTO "DBProject_partecipazione" VALUES(112,22,23,75,'ISCRITTO',NULL);
INSERT INTO "DBProject_partecipazione" VALUES(113,23,23,75,'ISCRITTO',NULL);
INSERT INTO "DBProject_partecipazione" VALUES(114,23,23,71,'ISCRITTO',NULL);
INSERT INTO "DBProject_partecipazione" VALUES(115,22,23,67,'ISCRITTO',NULL);
INSERT INTO "DBProject_partecipazione" VALUES(116,19,23,66,'ISCRITTO',NULL);
INSERT INTO "DBProject_partecipazione" VALUES(117,23,23,66,'ISCRITTO',NULL);
INSERT INTO "DBProject_partecipazione" VALUES(118,22,21,66,'ISCRITTO',NULL);
INSERT INTO "DBProject_partecipazione" VALUES(119,21,20,73,'ISCRITTO',NULL);
INSERT INTO "DBProject_partecipazione" VALUES(120,19,21,75,'ISCRITTO',NULL);
INSERT INTO "DBProject_partecipazione" VALUES(121,24,24,61,'COMPLETATO','11.9');
INSERT INTO "DBProject_partecipazione" VALUES(122,11,18,69,'ISCRITTO',NULL);
INSERT INTO "DBProject_partecipazione" VALUES(123,13,18,69,'ISCRITTO',NULL);
INSERT INTO "DBProject_partecipazione" VALUES(125,20,25,61,'ISCRITTO',NULL);
INSERT INTO "DBProject_partecipazione" VALUES(126,21,25,61,'ISCRITTO',NULL);
INSERT INTO "DBProject_partecipazione" VALUES(127,24,25,61,'ISCRITTO',NULL);
INSERT INTO "DBProject_partecipazione" VALUES(128,20,25,65,'ISCRITTO',NULL);
INSERT INTO "DBProject_partecipazione" VALUES(129,21,25,65,'ISCRITTO',NULL);
INSERT INTO "DBProject_partecipazione" VALUES(130,24,25,65,'ISCRITTO',NULL);
INSERT INTO "DBProject_partecipazione" VALUES(131,19,26,72,'ISCRITTO',NULL);
INSERT INTO "DBProject_partecipazione" VALUES(132,22,26,72,'ISCRITTO',NULL);
INSERT INTO "DBProject_partecipazione" VALUES(133,23,26,72,'ISCRITTO',NULL);
INSERT INTO "DBProject_partecipazione" VALUES(134,20,25,66,'ISCRITTO',NULL);
INSERT INTO "DBProject_partecipazione" VALUES(135,21,25,66,'ISCRITTO',NULL);
INSERT INTO "DBProject_partecipazione" VALUES(136,20,18,69,'ISCRITTO',NULL);
INSERT INTO "DBProject_partecipazione" VALUES(137,21,18,69,'ISCRITTO',NULL);
INSERT INTO "DBProject_partecipazione" VALUES(138,19,26,73,'ISCRITTO',NULL);
INSERT INTO "DBProject_partecipazione" VALUES(139,22,26,73,'ISCRITTO',NULL);
INSERT INTO "DBProject_partecipazione" VALUES(140,23,26,73,'ISCRITTO',NULL);
INSERT INTO "DBProject_partecipazione" VALUES(141,19,26,74,'ISCRITTO',NULL);
INSERT INTO "DBProject_partecipazione" VALUES(142,22,26,74,'ISCRITTO',NULL);
INSERT INTO "DBProject_partecipazione" VALUES(143,23,26,74,'ISCRITTO',NULL);
INSERT INTO "DBProject_partecipazione" VALUES(144,16,17,63,'ISCRITTO',NULL);
INSERT INTO "DBProject_partecipazione" VALUES(145,18,17,68,'ISCRITTO',NULL);
INSERT INTO "DBProject_partecipazione" VALUES(146,14,25,65,'ISCRITTO',NULL);
INSERT INTO "DBProject_partecipazione" VALUES(147,15,25,65,'ISCRITTO',NULL);
INSERT INTO "DBProject_partecipazione" VALUES(148,16,25,65,'ISCRITTO',NULL);
INSERT INTO "DBProject_partecipazione" VALUES(149,15,18,69,'ISCRITTO',NULL);
INSERT INTO "DBProject_partecipazione" VALUES(150,17,26,72,'ISCRITTO',NULL);
INSERT INTO "DBProject_partecipazione" VALUES(151,18,26,72,'ISCRITTO',NULL);
INSERT INTO "DBProject_partecipazione" VALUES(152,17,26,74,'ISCRITTO',NULL);
INSERT INTO "DBProject_partecipazione" VALUES(153,18,26,74,'ISCRITTO',NULL);
INSERT INTO "DBProject_partecipazione" VALUES(154,11,16,61,'ISCRITTO',NULL);
INSERT INTO "DBProject_partecipazione" VALUES(155,17,26,73,'ISCRITTO',NULL);
INSERT INTO "DBProject_partecipazione" VALUES(156,18,26,73,'ISCRITTO',NULL);
INSERT INTO "DBProject_partecipazione" VALUES(157,14,25,66,'ISCRITTO',NULL);
INSERT INTO "DBProject_partecipazione" VALUES(158,16,25,66,'ISCRITTO',NULL);
INSERT INTO "DBProject_partecipazione" VALUES(159,17,21,66,'ISCRITTO',NULL);
CREATE TABLE "DBProject_presidenteregione" ("utente_id" bigint NOT NULL PRIMARY KEY REFERENCES "DBProject_utente" ("id") DEFERRABLE INITIALLY DEFERRED, "regione_id" bigint NOT NULL UNIQUE REFERENCES "DBProject_regione" ("id") DEFERRABLE INITIALLY DEFERRED);
INSERT INTO "DBProject_presidenteregione" VALUES(3,3);
INSERT INTO "DBProject_presidenteregione" VALUES(16,4);
INSERT INTO "DBProject_presidenteregione" VALUES(33,7);
INSERT INTO "DBProject_presidenteregione" VALUES(34,8);
INSERT INTO "DBProject_presidenteregione" VALUES(35,5);
INSERT INTO "DBProject_presidenteregione" VALUES(36,6);
CREATE TABLE "DBProject_presidentesquadra" ("id" integer NOT NULL PRIMARY KEY AUTOINCREMENT, "utente_id" bigint NOT NULL UNIQUE REFERENCES "DBProject_utente" ("id") DEFERRABLE INITIALLY DEFERRED, "squadra_id" bigint NULL UNIQUE REFERENCES "DBProject_squadra" ("id") DEFERRABLE INITIALLY DEFERRED);
INSERT INTO "DBProject_presidentesquadra" VALUES(1,4,1);
INSERT INTO "DBProject_presidentesquadra" VALUES(2,29,2);
INSERT INTO "DBProject_presidentesquadra" VALUES(3,37,3);
INSERT INTO "DBProject_presidentesquadra" VALUES(4,38,4);
CREATE TABLE "DBProject_regione" ("id" integer NOT NULL PRIMARY KEY AUTOINCREMENT, "nome" varchar(100) NOT NULL UNIQUE);
INSERT INTO "DBProject_regione" VALUES(1,'Abruzzo');
INSERT INTO "DBProject_regione" VALUES(2,'Basilicata');
INSERT INTO "DBProject_regione" VALUES(3,'Calabria');
INSERT INTO "DBProject_regione" VALUES(4,'Campania');
INSERT INTO "DBProject_regione" VALUES(5,'Emilia-Romagna');
INSERT INTO "DBProject_regione" VALUES(6,'Friuli-Venezia Giulia');
INSERT INTO "DBProject_regione" VALUES(7,'Lazio');
INSERT INTO "DBProject_regione" VALUES(8,'Liguria');
CREATE TABLE "DBProject_specialita" ("id" integer NOT NULL PRIMARY KEY AUTOINCREMENT, "nome" varchar(100) NOT NULL UNIQUE);
INSERT INTO "DBProject_specialita" VALUES(61,'100m piani');
INSERT INTO "DBProject_specialita" VALUES(62,'Salto in lungo');
INSERT INTO "DBProject_specialita" VALUES(63,'Salto in alto');
INSERT INTO "DBProject_specialita" VALUES(64,'Lancio del peso');
INSERT INTO "DBProject_specialita" VALUES(65,'200m piani');
INSERT INTO "DBProject_specialita" VALUES(66,'400m ostacoli');
INSERT INTO "DBProject_specialita" VALUES(67,'110m ostacoli');
INSERT INTO "DBProject_specialita" VALUES(68,'Salto triplo');
INSERT INTO "DBProject_specialita" VALUES(69,'Lancio del giavellotto');
INSERT INTO "DBProject_specialita" VALUES(70,'Lancio del disco');
INSERT INTO "DBProject_specialita" VALUES(71,'800m piani');
INSERT INTO "DBProject_specialita" VALUES(72,'1500m piani');
INSERT INTO "DBProject_specialita" VALUES(73,'3000m siepi');
INSERT INTO "DBProject_specialita" VALUES(74,'5000m piani');
INSERT INTO "DBProject_specialita" VALUES(75,'Staffetta 4x100m');
CREATE TABLE "DBProject_squadra" ("id" integer NOT NULL PRIMARY KEY AUTOINCREMENT, "nome" varchar(100) NOT NULL UNIQUE);
INSERT INTO "DBProject_squadra" VALUES(1,'Squadra1');
INSERT INTO "DBProject_squadra" VALUES(2,'Squadra2');
INSERT INTO "DBProject_squadra" VALUES(3,'Squadra3');
INSERT INTO "DBProject_squadra" VALUES(4,'Squadra4');
CREATE TABLE "DBProject_utente" ("id" integer NOT NULL PRIMARY KEY AUTOINCREMENT, "password" varchar(128) NOT NULL, "last_login" datetime NULL, "is_superuser" bool NOT NULL, "username" varchar(150) NOT NULL UNIQUE, "first_name" varchar(150) NOT NULL, "last_name" varchar(150) NOT NULL, "is_staff" bool NOT NULL, "is_active" bool NOT NULL, "date_joined" datetime NOT NULL, "tipo" varchar(20) NOT NULL, "email" varchar(254) NULL UNIQUE);
INSERT INTO "DBProject_utente" VALUES(3,'pbkdf2_sha256$1000000$Kj7kz73F3U27XsdZnLOJik$hmVpdPaM21PbzpaERSuKDiX/S95szjrEkqQ2R1YApJk=','2025-08-12 10:05:58.131024',0,'PresidenteCalabria','','',0,1,'2025-08-12 08:58:17.147781','PRES_REGIONE','presidente.calabria@gmail.com');
INSERT INTO "DBProject_utente" VALUES(4,'pbkdf2_sha256$1000000$pPOrW5SB9aTV2N1L1V0Pc6$V2pD/2r3g2TIxcIS8Rbyxp8NVU7cwIOluAVcdJDUfUc=','2025-08-19 13:30:26.158562',0,'PresidenteSquadra1','','',0,1,'2025-08-12 08:59:36.329168','PRES_SQUADRA','presidente.squadra1@gmail.com');
INSERT INTO "DBProject_utente" VALUES(5,'pbkdf2_sha256$1000000$4HfJqS9pqmBmTn4o2XzDeu$aTxWJ5GQP0oOHnVuje5CyJBOmN9f2/6Tnl5xNriWM5c=','2025-08-20 10:52:35.734186',0,'Allenatore1Squadra1','','',0,1,'2025-08-12 09:06:07.073356','ALLENATORE','allenatore1squadra1@gmail.com');
INSERT INTO "DBProject_utente" VALUES(6,'pbkdf2_sha256$1000000$CuPqMtzqVTx7XaSzLOPt8S$gxwMGfD1gLeAWKnlf7ipQrt6Z4u06vP7A7+S14ONV14=','2025-08-18 08:21:37.782048',0,'Allenatore2Squadra1','','',0,1,'2025-08-12 09:06:54.089530','ALLENATORE','allenatore2squadra1@gmail.com');
INSERT INTO "DBProject_utente" VALUES(7,'pbkdf2_sha256$1000000$s0Q8bxz6FhLetH0RVXS52Q$avfIOrgcnl6U4dRxO1bKSm4CkLSkcmRxWlEWu+9MN7E=',NULL,0,'Allenatore3Squadra1','','',0,1,'2025-08-12 09:07:27.574590','ALLENATORE','allenatore3squadra1@gmail.com');
INSERT INTO "DBProject_utente" VALUES(9,'pbkdf2_sha256$1000000$2htSoBxgEt53DrLJ3XJ69J$zUn96lvgMUO/7V/EAGjAhOeVq7dbiX4rey7mg6fs9U8=','2025-08-19 13:29:44.167717',0,'AtletaM1Squadra1','','',0,1,'2025-08-12 09:10:18.023538','ATLETA','atletam1squadra1@gmail.com');
INSERT INTO "DBProject_utente" VALUES(16,'pbkdf2_sha256$1000000$adDwioJK7I1xzdSDTN0GAO$Nxq8RpJGgakcTF6Otil/28PF9UoWMgflK2SEivUkPKw=','2025-08-20 10:53:04.040209',0,'PresidenteCampania','','',0,1,'2025-08-12 10:08:26.924115','PRES_REGIONE','presidente.campania@gmail.com');
INSERT INTO "DBProject_utente" VALUES(17,'pbkdf2_sha256$1000000$B9wgl1x3htTrsCmC9dJxnM$Xh7gP7hOdTAILeuodNJV4eEO1NhWMmGK24m+ohY4d9U=',NULL,0,'AtletaF2Squadra2','','',0,1,'2025-08-12 11:07:55.614531','ATLETA','atletaf2squadra2@gmail.com');
INSERT INTO "DBProject_utente" VALUES(18,'pbkdf2_sha256$1000000$kDLvsQJr8oARtvuSybeEju$b9l1vgfjtDFHcGbEJa8HkL/gXtokXAweml2IMvQhpCo=',NULL,0,'AtletaM2Squadra2','','',0,1,'2025-08-12 11:08:12.047328','ATLETA','atletam2squadra2@gmail.com');
INSERT INTO "DBProject_utente" VALUES(19,'pbkdf2_sha256$1000000$xodOUzGAxxFZtT3VBDk8TW$VPpnooXQKvba3NDl8dkLQsbXVqpVewhtKplmLE+rbqs=',NULL,0,'AtletaM1Squadra2','','',0,1,'2025-08-12 11:08:23.876247','ATLETA','atletam1squadra2@gmail.com');
INSERT INTO "DBProject_utente" VALUES(20,'pbkdf2_sha256$1000000$IbWdW8m93BOKVTAocNezQ3$CMHOf9+/WdeeFMNB4UHOhaLGAelDvRIEEdSNGDAwcSE=',NULL,0,'AtletaM3Squadra2','','',0,1,'2025-08-12 11:08:32.850861','ATLETA','atletam3squadra2@gmail.com');
INSERT INTO "DBProject_utente" VALUES(21,'pbkdf2_sha256$1000000$843cPHY2TNF39F4yvlZukF$2iNLO3KcANSaH90MXbbHN/tKuK6kQw7vddhssLlX1Ac=',NULL,0,'AtletaF3Squadra2','','',0,1,'2025-08-12 11:08:47.023227','ATLETA','atletaf3squadra2@gmail.com');
INSERT INTO "DBProject_utente" VALUES(22,'pbkdf2_sha256$1000000$hrmR0AuLX2z6Qrvnw03Q0d$Ei06RXvTWbUSHS31eGViyTzPR3Q9jkU9oUy1rjOF/GA=','2025-08-19 18:41:52.426105',0,'Allenatore2Squadra2','','',0,1,'2025-08-12 11:11:32.978068','ALLENATORE','allenatore2squadra2@gmail.com');
INSERT INTO "DBProject_utente" VALUES(23,'pbkdf2_sha256$1000000$2dFDcMni6fmbz0dpZbNrMA$37zGA5OGP3ftUqb3r+wMygDQbtIKeVMlnhaFzSDmlV8=',NULL,0,'Allenatore3Squadra2','','',0,1,'2025-08-12 11:11:54.156517','ALLENATORE','allenatore3squadra2@gmail.com');
INSERT INTO "DBProject_utente" VALUES(24,'pbkdf2_sha256$1000000$C3RcmxKKaj3pnXAXkxH6bu$7UfAGpL04Nu6ypivMiIjBhcYyB9Ru5ANwsmygaR+gfs=','2025-08-19 19:46:12.654140',0,'AtletaF1Squadra1','','',0,1,'2025-08-13 15:49:17.422741','ATLETA','atletaf1squadra1@gmail.com');
INSERT INTO "DBProject_utente" VALUES(25,'pbkdf2_sha256$1000000$Hy0aFeSv0kwGjB3IYnAQAl$ySfEaGW/Or1rwRCkqrx8MJl+j9AZloTngNHDljm+JMs=','2025-08-19 12:35:13.707015',0,'AtletaF2Squadra1','','',0,1,'2025-08-13 15:50:24.233605','ATLETA','atletaf2squadra1@gmail.com');
INSERT INTO "DBProject_utente" VALUES(26,'pbkdf2_sha256$1000000$p2mWGrspz3ISkiWyWWXj7I$Qc8b/f8B/aG34niawZFyc5/u954N+0oVkXMkIuV0oBw=',NULL,0,'AtletaF3Squadra1','','',0,1,'2025-08-13 15:50:36.599850','ATLETA','atletaf3squadra1@gmail.com');
INSERT INTO "DBProject_utente" VALUES(27,'pbkdf2_sha256$1000000$Lm1QbgjumMwow2dIk1oChL$w3au+2lleXuPMkYk1xvGYmFjCmpy8HTngyDfXUpDgJY=',NULL,0,'AtletaM2Squadra1','','',0,1,'2025-08-13 15:50:47.000691','ATLETA','atletam2squadra1@gmail.com');
INSERT INTO "DBProject_utente" VALUES(28,'pbkdf2_sha256$1000000$PY1I68J5Wx2ZymBbu8aXqg$UdwiPWwutycKAlxyb9bxuvNqiqcCArF88eVy21hRpOI=','2025-08-20 06:39:07.537572',0,'AtletaM3Squadra1','','',0,1,'2025-08-13 15:51:01.513123','ATLETA','atletam3squadra1@gmail.com');
INSERT INTO "DBProject_utente" VALUES(29,'pbkdf2_sha256$1000000$K9JP0V2XFyPiDwJ4JKlVNo$eradjmz8VEkYNqJil4vCzISExSiU+CU1WDXXv1+DIAc=','2025-08-18 09:05:30.305739',0,'PresidenteSquadra2','','',0,1,'2025-08-18 09:05:14.635970','PRES_SQUADRA','presidente.squadra2@gmail.com');
INSERT INTO "DBProject_utente" VALUES(30,'pbkdf2_sha256$1000000$MBYCIr94ERwmV3qRrHghYY$vHVMRokVyFXh4uyg8JYmdVZ5MuAYsmrmhM0dvVnttwM=',NULL,0,'AtletaF1Squadra2','','',0,1,'2025-08-18 09:07:13.412526','ATLETA','atletaf1.squadra2@gmail.com');
INSERT INTO "DBProject_utente" VALUES(32,'pbkdf2_sha256$1000000$3Mv1bax8uRo2qIsA35DFux$wYTjVC2DmrV8i8cA3zQhmxL8WinKNksI+FG6hdbetjk=','2025-08-18 09:09:15.414443',0,'AtletaF1Squadra3','','',0,1,'2025-08-18 09:08:54.438326','ATLETA','atletaf1.squadra3@gmail.com');
INSERT INTO "DBProject_utente" VALUES(33,'pbkdf2_sha256$1000000$ZS9fMWIo41zKaMotZajXnM$kn2T73ND8ilGYS5P5YrDydzEYXogDpN32QgJDyy1YqA=','2025-08-19 12:53:37.488706',0,'PresidenteLazio','','',0,1,'2025-08-18 10:04:56.497037','PRES_REGIONE','presidente.lazio@gmail.com');
INSERT INTO "DBProject_utente" VALUES(34,'pbkdf2_sha256$1000000$P43x0u4vf1yPvaptj9GPcD$5xG1a5VEOs4FVkwqiQILrcFwwb5MqY1s0KxR/QgX2ZY=','2025-08-19 13:02:02.733571',0,'PresidenteLiguria','','',0,1,'2025-08-18 10:05:20.544530','PRES_REGIONE','presidente.liguria@gmail.com');
INSERT INTO "DBProject_utente" VALUES(35,'pbkdf2_sha256$1000000$kF458WF6dtTcuy9BLZvg8I$sFLBwuvt9d+d8vZFDrP3P5NVaOLx7RCo1QZbZYAdwpM=',NULL,0,'PresidenteEmiliaromagna','','',0,1,'2025-08-18 10:05:48.045060','PRES_REGIONE','presidente.emiliaromagna@gmail.com');
INSERT INTO "DBProject_utente" VALUES(36,'pbkdf2_sha256$1000000$wXmIIVWHbKohng7zYKijb5$CES4rlYH6j8YzOjxesNIJDYipgmryCYj3Oo4iKsKUmE=',NULL,0,'PresidenteFriuli','','',0,1,'2025-08-18 10:06:16.964140','PRES_REGIONE','presidente.friuliveneziagiulia@gmail.com');
INSERT INTO "DBProject_utente" VALUES(37,'pbkdf2_sha256$1000000$ic9cSTCMjjen4b7qULAD87$qPnB8wrUj7k8QmCOZaj3cdx4QS1RA4s93d0M+kBKh0w=','2025-08-18 10:14:30.182234',0,'PresidenteSquadra3','','',0,1,'2025-08-18 10:10:10.691924','PRES_SQUADRA','presidente.squadra3@gmail.com');
INSERT INTO "DBProject_utente" VALUES(38,'pbkdf2_sha256$1000000$975NhWnpzGyXm5166oG3Ti$AK2v8zb5O59nnHfyy5y3W/679lj/3/iqLrfgHDWXf/0=',NULL,0,'PresidenteSquadra4','','',0,1,'2025-08-18 10:10:23.451893','PRES_SQUADRA','presidente.squadra4@gmail.com');
INSERT INTO "DBProject_utente" VALUES(39,'pbkdf2_sha256$1000000$wpJRuzar6aBYgM5JrVIQ1I$J08O/AMxitU5wuJ1+akhZ6jZciRpsG9RHSbqYWCXWD8=','2025-08-19 12:54:48.935798',0,'Allenatore1Squadra3','','',0,1,'2025-08-18 10:10:52.946234','ALLENATORE','allenatore1.squadra3@gmail.com');
INSERT INTO "DBProject_utente" VALUES(40,'pbkdf2_sha256$1000000$qXV2PYHw4qRuQxDUycXS3k$XKLVJZo2ux3rxmU+lfNnDbRIs4TGOxGL5FpzZ2Gr9S0=','2025-08-19 12:01:08.591878',0,'Allenatore2Squadra3','','',0,1,'2025-08-18 10:11:02.161216','ALLENATORE','allenatore2.squadra3@gmail.com');
INSERT INTO "DBProject_utente" VALUES(41,'pbkdf2_sha256$1000000$pvyrEtmDuCcoT5aRy0f1IU$S3gHLvc1sIlUpTTW/swqTxBLPdUBSPiOJhN0LxVymsM=',NULL,0,'Allenatore3Squadra3','','',0,1,'2025-08-18 10:11:10.663175','ALLENATORE','allenatore3.squadra3@gmail.com');
INSERT INTO "DBProject_utente" VALUES(42,'pbkdf2_sha256$1000000$RrN44wr9cQ05ZGHgirEyLX$v25bWlZq0HfAZjaq9ismoEC9BMVhmTyKFH/feUuceZo=',NULL,0,'Allenatore3Squadra4','','',0,1,'2025-08-18 10:11:20.731331','ALLENATORE','allenatore3.squadra4@gmail.com');
INSERT INTO "DBProject_utente" VALUES(43,'pbkdf2_sha256$1000000$9IqdkaETuAIfFmPisifLYN$fsmYV53zQXUyOa0qdHEHubMwJcJ7Zfc5dH8ppL5qrcc=','2025-08-19 12:59:15.428575',0,'Allenatore2Squadra4','','',0,1,'2025-08-18 10:11:30.507135','ALLENATORE','allenatore2.squadra4@gmail.com');
INSERT INTO "DBProject_utente" VALUES(44,'pbkdf2_sha256$1000000$Qwjaz4Hkgxua9BUIcPb3gg$wkG5V5yYQoqVzox4zJZ0I8EF6WUt2hEFpIXAphWK2mU=','2025-08-19 12:59:00.420590',0,'Allenatore1Squadra4','','',0,1,'2025-08-18 10:11:38.557572','ALLENATORE','allenatore1.squadra4@gmail.com');
INSERT INTO "DBProject_utente" VALUES(45,'pbkdf2_sha256$1000000$23bYlip9Th9zSDMHAw6EmP$BZSHzZEBAFvs4oJWEWPZB8PVbEieIK1w8dS/DLnsiOI=',NULL,0,'AtletaM1Squadra3','','',0,1,'2025-08-18 10:12:06.564930','ATLETA','atletam1.squadra3@gmail.com');
INSERT INTO "DBProject_utente" VALUES(46,'pbkdf2_sha256$1000000$RSuuJW3QnJfe7khsuZIXsh$sitpdtLD8JSTYjCRA8xUb8Eaiwf0Fiap5OEkBoBVSow=','2025-08-19 11:36:11.827858',0,'AtletaM2Squadra3','','',0,1,'2025-08-18 10:12:14.363641','ATLETA','atletam2.squadra3@gmail.com');
INSERT INTO "DBProject_utente" VALUES(47,'pbkdf2_sha256$1000000$fXa1soGORzYdo6Cjy1xX94$fyS065NRKCGTzeLnmKzqlB/T9W9joGOsSozlrp/Mugg=',NULL,0,'AtletaM3Squadra3','','',0,1,'2025-08-18 10:12:23.398217','ATLETA','atletam3.squadra3@gmail.com');
INSERT INTO "DBProject_utente" VALUES(48,'pbkdf2_sha256$1000000$ijD0I808lgXK5Tu2t0FqWQ$5rtPeasRVb1NrEFfpMen4F8/1h3cgRdxbzeYt5GexZI=',NULL,0,'AtletaF3Squadra3','','',0,1,'2025-08-18 10:12:32.669890','ATLETA','atletaf3.squadra3@gmail.com');
INSERT INTO "DBProject_utente" VALUES(49,'pbkdf2_sha256$1000000$bZJUuWmUzwEgrCAg4fNQdn$7CVbv3HexrVh/3Nc9OBTITZ+prWFq7v+C6/NqUcpJKI=',NULL,0,'AtletaF2Squadra3','','',0,1,'2025-08-18 10:12:41.170361','ATLETA','atletaf2.squadra3@gmail.com');
INSERT INTO "DBProject_utente" VALUES(50,'pbkdf2_sha256$1000000$agvRWJedoyOHdExdoGz5jq$xQzI1HAzmh+anIyRfv2yh+MLvTpaFVy8F6lId9tqrtM=',NULL,0,'AtletaF1Squadra4','','',0,1,'2025-08-18 10:13:10.001038','ATLETA','atletaf1.squadra4@gmail.com');
INSERT INTO "DBProject_utente" VALUES(51,'pbkdf2_sha256$1000000$X2K2iKr8tfsjWCraibGsgl$g+EZ8ueBu2Sa8ah6LdKipRyZfesJwEVFfQEcPG07ba0=',NULL,0,'AtletaF2Squadra4','','',0,1,'2025-08-18 10:13:18.433363','ATLETA','atletaf2.squadra4@gmail.com');
INSERT INTO "DBProject_utente" VALUES(52,'pbkdf2_sha256$1000000$WZ8D6GDEm2zHsXUYTKTmHb$ytsk4GG6/vD1/VVBDR2C1cp6MGisCy+ypLJl2vBhXvw=',NULL,0,'AtletaF3Squadra4','','',0,1,'2025-08-18 10:13:28.040346','ATLETA','atletaf3.squadra4@gmail.com');
INSERT INTO "DBProject_utente" VALUES(53,'pbkdf2_sha256$1000000$6EDzeCtHbnZA6CByQGXZfN$wGGW/NxIp3Lh6wP7UBKGjzRuWBe+JlFr9jNfbl7NkRg=',NULL,0,'AtletaM3Squadra4','','',0,1,'2025-08-18 10:13:38.062657','ATLETA','atletam3.squadra4@gmail.com');
INSERT INTO "DBProject_utente" VALUES(54,'pbkdf2_sha256$1000000$M6aNbDOsAnXdHd32FTrmh6$TPMlH2Gt6jcDRajL/q64EzRT527PObAp8tyu6fOy1zo=',NULL,0,'AtletaM2Squadra4','','',0,1,'2025-08-18 10:13:48.557032','ATLETA','atletam2.squadra4@gmail.com');
INSERT INTO "DBProject_utente" VALUES(55,'pbkdf2_sha256$1000000$eAxlGejcZRaLgdjaphJ8yM$DW668ccwv2yhri4d/DSY19mPD4EynxgDPAFA+oSNpFw=',NULL,0,'AtletaM1Squadra4','','',0,1,'2025-08-18 10:13:56.619616','ATLETA','atletam1.squadra4@gmail.com');
CREATE TABLE "DBProject_utente_groups" ("id" integer NOT NULL PRIMARY KEY AUTOINCREMENT, "utente_id" bigint NOT NULL REFERENCES "DBProject_utente" ("id") DEFERRABLE INITIALLY DEFERRED, "group_id" integer NOT NULL REFERENCES "auth_group" ("id") DEFERRABLE INITIALLY DEFERRED);
CREATE TABLE "DBProject_utente_user_permissions" ("id" integer NOT NULL PRIMARY KEY AUTOINCREMENT, "utente_id" bigint NOT NULL REFERENCES "DBProject_utente" ("id") DEFERRABLE INITIALLY DEFERRED, "permission_id" integer NOT NULL REFERENCES "auth_permission" ("id") DEFERRABLE INITIALLY DEFERRED);
CREATE TABLE "auth_group" ("id" integer NOT NULL PRIMARY KEY AUTOINCREMENT, "name" varchar(150) NOT NULL UNIQUE);
CREATE TABLE "auth_group_permissions" ("id" integer NOT NULL PRIMARY KEY AUTOINCREMENT, "group_id" integer NOT NULL REFERENCES "auth_group" ("id") DEFERRABLE INITIALLY DEFERRED, "permission_id" integer NOT NULL REFERENCES "auth_permission" ("id") DEFERRABLE INITIALLY DEFERRED);
CREATE TABLE "auth_permission" ("id" integer NOT NULL PRIMARY KEY AUTOINCREMENT, "content_type_id" integer NOT NULL REFERENCES "django_content_type" ("id") DEFERRABLE INITIALLY DEFERRED, "codename" varchar(100) NOT NULL, "name" varchar(255) NOT NULL);
INSERT INTO "auth_permission" VALUES(1,1,'add_logentry','Can add log entry');
INSERT INTO "auth_permission" VALUES(2,1,'change_logentry','Can change log entry');
INSERT INTO "auth_permission" VALUES(3,1,'delete_logentry','Can delete log entry');
INSERT INTO "auth_permission" VALUES(4,1,'view_logentry','Can view log entry');
INSERT INTO "auth_permission" VALUES(5,2,'add_permission','Can add permission');
INSERT INTO "auth_permission" VALUES(6,2,'change_permission','Can change permission');
INSERT INTO "auth_permission" VALUES(7,2,'delete_permission','Can delete permission');
INSERT INTO "auth_permission" VALUES(8,2,'view_permission','Can view permission');
INSERT INTO "auth_permission" VALUES(9,3,'add_group','Can add group');
INSERT INTO "auth_permission" VALUES(10,3,'change_group','Can change group');
INSERT INTO "auth_permission" VALUES(11,3,'delete_group','Can delete group');
INSERT INTO "auth_permission" VALUES(12,3,'view_group','Can view group');
INSERT INTO "auth_permission" VALUES(13,4,'add_contenttype','Can add content type');
INSERT INTO "auth_permission" VALUES(14,4,'change_contenttype','Can change content type');
INSERT INTO "auth_permission" VALUES(15,4,'delete_contenttype','Can delete content type');
INSERT INTO "auth_permission" VALUES(16,4,'view_contenttype','Can view content type');
INSERT INTO "auth_permission" VALUES(17,5,'add_session','Can add session');
INSERT INTO "auth_permission" VALUES(18,5,'change_session','Can change session');
INSERT INTO "auth_permission" VALUES(19,5,'delete_session','Can delete session');
INSERT INTO "auth_permission" VALUES(20,5,'view_session','Can view session');
INSERT INTO "auth_permission" VALUES(21,6,'add_utente','Can add Utente');
INSERT INTO "auth_permission" VALUES(22,6,'change_utente','Can change Utente');
INSERT INTO "auth_permission" VALUES(23,6,'delete_utente','Can delete Utente');
INSERT INTO "auth_permission" VALUES(24,6,'view_utente','Can view Utente');
INSERT INTO "auth_permission" VALUES(25,7,'add_regione','Can add regione');
INSERT INTO "auth_permission" VALUES(26,7,'change_regione','Can change regione');
INSERT INTO "auth_permission" VALUES(27,7,'delete_regione','Can delete regione');
INSERT INTO "auth_permission" VALUES(28,7,'view_regione','Can view regione');
INSERT INTO "auth_permission" VALUES(29,8,'add_specialita','Can add specialita');
INSERT INTO "auth_permission" VALUES(30,8,'change_specialita','Can change specialita');
INSERT INTO "auth_permission" VALUES(31,8,'delete_specialita','Can delete specialita');
INSERT INTO "auth_permission" VALUES(32,8,'view_specialita','Can view specialita');
INSERT INTO "auth_permission" VALUES(33,9,'add_squadra','Can add squadra');
INSERT INTO "auth_permission" VALUES(34,9,'change_squadra','Can change squadra');
INSERT INTO "auth_permission" VALUES(35,9,'delete_squadra','Can delete squadra');
INSERT INTO "auth_permission" VALUES(36,9,'view_squadra','Can view squadra');
INSERT INTO "auth_permission" VALUES(37,10,'add_atleta','Can add atleta');
INSERT INTO "auth_permission" VALUES(38,10,'change_atleta','Can change atleta');
INSERT INTO "auth_permission" VALUES(39,10,'delete_atleta','Can delete atleta');
INSERT INTO "auth_permission" VALUES(40,10,'view_atleta','Can view atleta');
INSERT INTO "auth_permission" VALUES(41,11,'add_presidentesquadra','Can add presidente squadra');
INSERT INTO "auth_permission" VALUES(42,11,'change_presidentesquadra','Can change presidente squadra');
INSERT INTO "auth_permission" VALUES(43,11,'delete_presidentesquadra','Can delete presidente squadra');
INSERT INTO "auth_permission" VALUES(44,11,'view_presidentesquadra','Can view presidente squadra');
INSERT INTO "auth_permission" VALUES(45,12,'add_allenatore','Can add allenatore');
INSERT INTO "auth_permission" VALUES(46,12,'change_allenatore','Can change allenatore');
INSERT INTO "auth_permission" VALUES(47,12,'delete_allenatore','Can delete allenatore');
INSERT INTO "auth_permission" VALUES(48,12,'view_allenatore','Can view allenatore');
INSERT INTO "auth_permission" VALUES(49,13,'add_presidenteregione','Can add presidente regione');
INSERT INTO "auth_permission" VALUES(50,13,'change_presidenteregione','Can change presidente regione');
INSERT INTO "auth_permission" VALUES(51,13,'delete_presidenteregione','Can delete presidente regione');
INSERT INTO "auth_permission" VALUES(52,13,'view_presidenteregione','Can view presidente regione');
INSERT INTO "auth_permission" VALUES(53,14,'add_gara','Can add gara');
INSERT INTO "auth_permission" VALUES(54,14,'change_gara','Can change gara');
INSERT INTO "auth_permission" VALUES(55,14,'delete_gara','Can delete gara');
INSERT INTO "auth_permission" VALUES(56,14,'view_gara','Can view gara');
INSERT INTO "auth_permission" VALUES(57,15,'add_comunicazioneufficiale','Can add comunicazione ufficiale');
INSERT INTO "auth_permission" VALUES(58,15,'change_comunicazioneufficiale','Can change comunicazione ufficiale');
INSERT INTO "auth_permission" VALUES(59,15,'delete_comunicazioneufficiale','Can delete comunicazione ufficiale');
INSERT INTO "auth_permission" VALUES(60,15,'view_comunicazioneufficiale','Can view comunicazione ufficiale');
INSERT INTO "auth_permission" VALUES(61,16,'add_partecipazione','Can add Partecipazione');
INSERT INTO "auth_permission" VALUES(62,16,'change_partecipazione','Can change Partecipazione');
INSERT INTO "auth_permission" VALUES(63,16,'delete_partecipazione','Can delete Partecipazione');
INSERT INTO "auth_permission" VALUES(64,16,'view_partecipazione','Can view Partecipazione');
INSERT INTO "auth_permission" VALUES(65,17,'add_garaspecialita','Can add Gara Specialità');
INSERT INTO "auth_permission" VALUES(66,17,'change_garaspecialita','Can change Gara Specialità');
INSERT INTO "auth_permission" VALUES(67,17,'delete_garaspecialita','Can delete Gara Specialità');
INSERT INTO "auth_permission" VALUES(68,17,'view_garaspecialita','Can view Gara Specialità');
CREATE TABLE "django_admin_log" ("id" integer NOT NULL PRIMARY KEY AUTOINCREMENT, "object_id" text NULL, "object_repr" varchar(200) NOT NULL, "action_flag" smallint unsigned NOT NULL CHECK ("action_flag" >= 0), "change_message" text NOT NULL, "content_type_id" integer NULL REFERENCES "django_content_type" ("id") DEFERRABLE INITIALLY DEFERRED, "user_id" bigint NOT NULL REFERENCES "DBProject_utente" ("id") DEFERRABLE INITIALLY DEFERRED, "action_time" datetime NOT NULL);
CREATE TABLE "django_content_type" ("id" integer NOT NULL PRIMARY KEY AUTOINCREMENT, "app_label" varchar(100) NOT NULL, "model" varchar(100) NOT NULL);
INSERT INTO "django_content_type" VALUES(1,'admin','logentry');
INSERT INTO "django_content_type" VALUES(2,'auth','permission');
INSERT INTO "django_content_type" VALUES(3,'auth','group');
INSERT INTO "django_content_type" VALUES(4,'contenttypes','contenttype');
INSERT INTO "django_content_type" VALUES(5,'sessions','session');
INSERT INTO "django_content_type" VALUES(6,'DBProject','utente');
INSERT INTO "django_content_type" VALUES(7,'DBProject','regione');
INSERT INTO "django_content_type" VALUES(8,'DBProject','specialita');
INSERT INTO "django_content_type" VALUES(9,'DBProject','squadra');
INSERT INTO "django_content_type" VALUES(10,'DBProject','atleta');
INSERT INTO "django_content_type" VALUES(11,'DBProject','presidentesquadra');
INSERT INTO "django_content_type" VALUES(12,'DBProject','allenatore');
INSERT INTO "django_content_type" VALUES(13,'DBProject','presidenteregione');
INSERT INTO "django_content_type" VALUES(14,'DBProject','gara');
INSERT INTO "django_content_type" VALUES(15,'DBProject','comunicazioneufficiale');
INSERT INTO "django_content_type" VALUES(16,'DBProject','partecipazione');
INSERT INTO "django_content_type" VALUES(17,'DBProject','garaspecialita');
CREATE TABLE "django_migrations" ("id" integer NOT NULL PRIMARY KEY AUTOINCREMENT, "app" varchar(255) NOT NULL, "name" varchar(255) NOT NULL, "applied" datetime NOT NULL);
INSERT INTO "django_migrations" VALUES(1,'contenttypes','0001_initial','2025-08-11 18:48:43.712974');
INSERT INTO "django_migrations" VALUES(2,'contenttypes','0002_remove_content_type_name','2025-08-11 18:48:43.728894');
INSERT INTO "django_migrations" VALUES(3,'auth','0001_initial','2025-08-11 18:48:43.756108');
INSERT INTO "django_migrations" VALUES(4,'auth','0002_alter_permission_name_max_length','2025-08-11 18:48:43.772058');
INSERT INTO "django_migrations" VALUES(5,'auth','0003_alter_user_email_max_length','2025-08-11 18:48:43.782517');
INSERT INTO "django_migrations" VALUES(6,'auth','0004_alter_user_username_opts','2025-08-11 18:48:43.794041');
INSERT INTO "django_migrations" VALUES(7,'auth','0005_alter_user_last_login_null','2025-08-11 18:48:43.807169');
INSERT INTO "django_migrations" VALUES(8,'auth','0006_require_contenttypes_0002','2025-08-11 18:48:43.815614');
INSERT INTO "django_migrations" VALUES(9,'auth','0007_alter_validators_add_error_messages','2025-08-11 18:48:43.826959');
INSERT INTO "django_migrations" VALUES(10,'auth','0008_alter_user_username_max_length','2025-08-11 18:48:43.837952');
INSERT INTO "django_migrations" VALUES(11,'auth','0009_alter_user_last_name_max_length','2025-08-11 18:48:43.849470');
INSERT INTO "django_migrations" VALUES(12,'auth','0010_alter_group_name_max_length','2025-08-11 18:48:43.864014');
INSERT INTO "django_migrations" VALUES(13,'auth','0011_update_proxy_permissions','2025-08-11 18:48:43.875546');
INSERT INTO "django_migrations" VALUES(14,'auth','0012_alter_user_first_name_max_length','2025-08-11 18:48:43.887071');
INSERT INTO "django_migrations" VALUES(15,'DBProject','0001_initial','2025-08-11 18:48:43.989083');
INSERT INTO "django_migrations" VALUES(16,'admin','0001_initial','2025-08-11 18:48:44.018061');
INSERT INTO "django_migrations" VALUES(17,'admin','0002_logentry_remove_auto_add','2025-08-11 18:48:44.041570');
INSERT INTO "django_migrations" VALUES(18,'admin','0003_logentry_add_action_flag_choices','2025-08-11 18:48:44.061890');
INSERT INTO "django_migrations" VALUES(19,'sessions','0001_initial','2025-08-11 18:48:44.082726');
INSERT INTO "django_migrations" VALUES(20,'DBProject','0002_rename_id_presidente_regione_gara_presidente_regione_and_more','2025-08-11 20:49:30.237288');
INSERT INTO "django_migrations" VALUES(21,'DBProject','0003_remove_gara_data_fine','2025-08-12 09:59:43.203384');
INSERT INTO "django_migrations" VALUES(22,'DBProject','0004_alter_partecipazione_options_and_more','2025-08-13 12:08:47.219646');
INSERT INTO "django_migrations" VALUES(23,'DBProject','0005_alter_partecipazione_options_and_more','2025-08-13 15:38:19.377107');
INSERT INTO "django_migrations" VALUES(24,'DBProject','0006_gara_data_fine','2025-08-18 08:09:49.156235');
INSERT INTO "django_migrations" VALUES(25,'DBProject','0007_alter_partecipazione_stato_iscrizione','2025-08-18 13:23:55.000260');
CREATE TABLE "django_session" ("session_key" varchar(40) NOT NULL PRIMARY KEY, "session_data" text NOT NULL, "expire_date" datetime NOT NULL);
INSERT INTO "django_session" VALUES('otsvki9egy1r4gqw748ghbutdcyb0yoc','.eJxVjEEOwiAQRe_C2hAoMC0u3XsGMjCDVA0kpV0Z765NutDtf-_9lwi4rSVsnZcwkzgLJ06_W8T04LoDumO9NZlaXZc5yl2RB-3y2oifl8P9OyjYy7dOmbI2DqxylIzSmq2GxGgmryfyChBiHjXaTJxHQqOG6DwwkB0cWi_eH-tOOAE:1umFMd:a_GBOWouMjOh68efe79XN_v2juAu5M5nqI1Dd2VZQiw','2025-08-27 17:34:15.235430');
INSERT INTO "django_session" VALUES('8koqn9z7g0mfmiflslk0l8fntqz6dt7b','.eJxVjMsOwiAQRf-FtSFUpgO4dN9vIDMdkKqBpI-V8d-1SRe6veec-1KRtrXEbUlznERdVFCn341pfKS6A7lTvTU9trrOE-td0Qdd9NAkPa-H-3dQaCnf2iCh8Jj6bHvDZNg4tOgsglAHxgVy1ucsAoKcg4cekM-ebQfSYUD1_gDmKzd9:1umUI2:_q1GZo8OcTxxaF0riWg3gZNoBf2PEzTkvcU_Wl6nBWM','2025-08-28 09:30:30.728617');
INSERT INTO "django_session" VALUES('oxyqwovfn9iihejq682blt09smzzv6fs','.eJxVjMsOwiAQRf-FtSFUpgO4dN9vIDMdkKqBpI-V8d-1SRe6veec-1KRtrXEbUlznERdVFCn341pfKS6A7lTvTU9trrOE-td0Qdd9NAkPa-H-3dQaCnf2iCh8Jj6bHvDZNg4tOgsglAHxgVy1ucsAoKcg4cekM-ebQfSYUD1_gDmKzd9:1unIhm:oUKuvI9BRUlqghKQ31gYpIvycpcgkSd8O_kn4JxvfnE','2025-08-30 15:20:26.281029');
INSERT INTO "django_session" VALUES('pm5dko44uas38jmyyy0jnvil3i0ns294','.eJxVjMEOwiAQBf-FsyHAAoJH7_0Gwi4gVQNJaU_Gf9cmPej1zcx7sRC3tYZt5CXMiV2YtOz0O2KkR247SffYbp1Tb-syI98VftDBp57y83q4fwc1jvqtHRJYmaAgUDZOIAhrtXJaoi4u4tmhVqhImEJZCuuJqFgwErTPInn2_gAIhjf9:1uogRE:QEnVb5zfTz5dGru0jwQRGd64Ine2Q__82QKx4Nggyuw','2025-09-03 10:53:04.049363');
DELETE FROM "sqlite_sequence";
INSERT INTO "sqlite_sequence" VALUES('django_migrations',25);
INSERT INTO "sqlite_sequence" VALUES('django_content_type',17);
INSERT INTO "sqlite_sequence" VALUES('auth_permission',68);
INSERT INTO "sqlite_sequence" VALUES('auth_group',0);
INSERT INTO "sqlite_sequence" VALUES('django_admin_log',0);
INSERT INTO "sqlite_sequence" VALUES('DBProject_specialita',75);
INSERT INTO "sqlite_sequence" VALUES('DBProject_gara',28);
INSERT INTO "sqlite_sequence" VALUES('DBProject_regione',8);
INSERT INTO "sqlite_sequence" VALUES('DBProject_utente',55);
INSERT INTO "sqlite_sequence" VALUES('DBProject_squadra',4);
INSERT INTO "sqlite_sequence" VALUES('DBProject_presidentesquadra',4);
INSERT INTO "sqlite_sequence" VALUES('DBProject_allenatore',12);
INSERT INTO "sqlite_sequence" VALUES('DBProject_atleta',25);
INSERT INTO "sqlite_sequence" VALUES('DBProject_garaspecialita',61);
INSERT INTO "sqlite_sequence" VALUES('DBProject_partecipazione',159);
CREATE UNIQUE INDEX "django_content_type_app_label_model_76bd3d3b_uniq" ON "django_content_type" ("app_label", "model");
CREATE UNIQUE INDEX "auth_group_permissions_group_id_permission_id_0cd325b0_uniq" ON "auth_group_permissions" ("group_id", "permission_id");
CREATE INDEX "auth_group_permissions_group_id_b120cbf9" ON "auth_group_permissions" ("group_id");
CREATE INDEX "auth_group_permissions_permission_id_84c5c92e" ON "auth_group_permissions" ("permission_id");
CREATE UNIQUE INDEX "auth_permission_content_type_id_codename_01ab375a_uniq" ON "auth_permission" ("content_type_id", "codename");
CREATE INDEX "auth_permission_content_type_id_2f476e4b" ON "auth_permission" ("content_type_id");
CREATE UNIQUE INDEX "DBProject_utente_groups_utente_id_group_id_5218283c_uniq" ON "DBProject_utente_groups" ("utente_id", "group_id");
CREATE INDEX "DBProject_utente_groups_utente_id_24437224" ON "DBProject_utente_groups" ("utente_id");
CREATE INDEX "DBProject_utente_groups_group_id_6a4262b4" ON "DBProject_utente_groups" ("group_id");
CREATE UNIQUE INDEX "DBProject_utente_user_permissions_utente_id_permission_id_15eb4b32_uniq" ON "DBProject_utente_user_permissions" ("utente_id", "permission_id");
CREATE INDEX "DBProject_utente_user_permissions_utente_id_46ffef0a" ON "DBProject_utente_user_permissions" ("utente_id");
CREATE INDEX "DBProject_utente_user_permissions_permission_id_bd8522cd" ON "DBProject_utente_user_permissions" ("permission_id");
CREATE INDEX "DBProject_atleta_squadra_id_9b6a7bd6" ON "DBProject_atleta" ("squadra_id");
CREATE INDEX "DBProject_allenatore_squadra_id_6ae8b143" ON "DBProject_allenatore" ("squadra_id");
CREATE INDEX "DBProject_comunicazioneufficiale_presidente_regione_id_c39ae11e" ON "DBProject_comunicazioneufficiale" ("presidente_regione_id");
CREATE UNIQUE INDEX "DBProject_garaspecialita_id_gara_id_id_specialita_id_sesso_22160e93_uniq" ON "DBProject_garaspecialita" ("id_gara_id", "id_specialita_id", "sesso");
CREATE INDEX "DBProject_garaspecialita_id_gara_id_84ea2e8c" ON "DBProject_garaspecialita" ("id_gara_id");
CREATE INDEX "DBProject_garaspecialita_id_specialita_id_cc209605" ON "DBProject_garaspecialita" ("id_specialita_id");
CREATE INDEX "django_admin_log_content_type_id_c4bce8eb" ON "django_admin_log" ("content_type_id");
CREATE INDEX "django_admin_log_user_id_c564eba6" ON "django_admin_log" ("user_id");
CREATE INDEX "django_session_expire_date_a5c62663" ON "django_session" ("expire_date");
CREATE INDEX "DBProject_gara_presidente_regione_id_ccc13966" ON "DBProject_gara" ("presidente_regione_id");
CREATE UNIQUE INDEX "DBProject_partecipazione_id_atleta_id_id_gara_id_id_specialita_id_4d96fbdc_uniq" ON "DBProject_partecipazione" ("id_atleta_id", "id_gara_id", "id_specialita_id");
CREATE INDEX "DBProject_partecipazione_id_atleta_id_ce0a1dec" ON "DBProject_partecipazione" ("id_atleta_id");
CREATE INDEX "DBProject_partecipazione_id_gara_id_afab84f6" ON "DBProject_partecipazione" ("id_gara_id");
CREATE INDEX "DBProject_partecipazione_id_specialita_id_807d1987" ON "DBProject_partecipazione" ("id_specialita_id");
COMMIT;
